City_ID,City,Country,Date,Lat,Lng,Max Temp,Humidity,Cloudiness,Wind Speed
0,Bluff,NZ,2021-05-23 20:18:19,-46.6,168.3333,47.8,64,82,8.25
1,Qaanaaq,GL,2021-05-23 20:18:19,77.484,-69.3632,29.93,74,1,3.2
2,Mayna,RU,2021-05-23 20:18:20,54.1135,47.6231,59.9,98,100,8.55
3,Georgetown,MY,2021-05-23 20:13:40,5.4112,100.3354,82.89,83,20,4.09
4,Gamba,GA,2021-05-23 20:18:20,-2.65,10.0,76.82,90,100,6.29
5,Belz,FR,2021-05-23 20:18:21,47.6751,-3.168,55.09,94,100,10.0
6,Ushuaia,AR,2021-05-23 20:17:17,-54.8,-68.3,46.06,66,75,18.41
7,San Patricio,US,2021-05-23 20:18:21,28.017,-97.5169,87.78,66,96,7.29
8,Zhigansk,RU,2021-05-23 20:18:21,66.7697,123.3711,37.87,52,3,7.34
9,Dong Hoi,VN,2021-05-23 20:18:22,17.4833,106.6,80.46,84,59,3.22
10,Anadyr,RU,2021-05-23 20:18:22,64.75,177.4833,39.7,93,40,2.08
11,Mataura,NZ,2021-05-23 20:18:22,-46.1927,168.8643,38.05,96,7,1.36
12,Isla Vista,US,2021-05-23 20:18:23,34.4133,-119.861,79.34,52,1,8.05
13,Ahuimanu,US,2021-05-23 20:18:23,21.4447,-157.8378,81.79,78,90,10.36
14,Pevek,RU,2021-05-23 20:18:23,69.7008,170.3133,28.83,83,13,4.7
15,Nikolskoye,RU,2021-05-23 20:18:24,59.7035,30.7861,53.49,98,52,5.01
16,Abyek,IR,2021-05-23 20:18:24,36.0667,50.55,69.46,57,95,5.21
17,Dogondoutchi,NE,2021-05-23 20:18:24,13.6393,4.0287,97.07,21,66,5.86
18,Camopi,GF,2021-05-23 20:18:25,3.1655,-52.3158,78.42,97,100,4.32
19,Avera,US,2021-05-23 20:18:25,33.194,-82.5271,92.91,34,8,3.85
20,Bathsheba,BB,2021-05-23 20:18:25,13.2167,-59.5167,84.81,70,40,18.61
21,Vanimo,PG,2021-05-23 20:18:26,-2.6741,141.3028,77.65,88,100,2.68
22,Punta Arenas,CL,2021-05-23 20:18:26,-53.15,-70.9167,41.11,84,75,12.86
23,Busselton,AU,2021-05-23 20:18:26,-33.65,115.3333,44.1,65,76,15.12
24,Cape Town,ZA,2021-05-23 20:15:01,-33.9258,18.4232,64.35,46,0,7.47
25,Marsa Matruh,EG,2021-05-23 20:18:27,31.3525,27.2453,68.22,73,0,10.09
26,Sabang,ID,2021-05-23 20:17:06,5.8933,95.3214,84.56,74,100,16.89
27,Guilin,CN,2021-05-23 20:18:27,25.2819,110.2864,68.11,96,100,5.99
28,Jamestown,US,2021-05-23 20:18:28,42.097,-79.2353,81.72,70,90,7.0
29,Vaini,TO,2021-05-23 20:18:28,-21.2,-175.2,71.76,100,90,4.61
30,Albany,US,2021-05-23 20:16:58,42.6001,-73.9662,77.74,81,95,11.12
31,Rumoi,JP,2021-05-23 20:18:28,43.9344,141.6428,53.69,93,92,2.39
32,Rancho Palos Verdes,US,2021-05-23 20:18:29,33.7445,-118.387,81.36,72,40,1.99
33,Lhokseumawe,ID,2021-05-23 20:18:29,5.1801,97.1507,77.95,88,99,4.85
34,Koryazhma,RU,2021-05-23 20:18:29,61.3143,47.1691,60.21,62,100,4.59
35,Tonantins,BR,2021-05-23 20:18:30,-2.8731,-67.8022,83.19,86,12,3.6
36,Kapaa,US,2021-05-23 20:18:30,22.0752,-159.319,79.12,73,75,1.01
37,Ko Samui,TH,2021-05-23 20:15:18,9.5357,99.9357,84.83,70,100,12.12
38,Metro,ID,2021-05-23 20:18:30,-5.1131,105.3067,74.8,92,68,3.2
39,Souillac,MU,2021-05-23 20:18:31,-20.5167,57.5167,70.36,81,74,13.13
40,Sembabule,UG,2021-05-23 20:18:31,-0.0772,31.4567,62.96,91,98,6.67
41,Saint Anthony,US,2021-05-23 20:18:31,45.0205,-93.218,80.91,75,20,3.0
42,Hermanus,ZA,2021-05-23 20:18:32,-34.4187,19.2345,56.8,55,96,9.69
43,Bethel,US,2021-05-23 20:15:07,41.3712,-73.414,88.11,53,75,3.0
44,Mahebourg,MU,2021-05-23 20:16:05,-20.4081,57.7,70.25,80,63,13.04
45,Vilyuysk,RU,2021-05-23 20:18:32,63.7553,121.6247,37.71,53,1,3.49
46,Upernavik,GL,2021-05-23 20:18:33,72.7868,-56.1549,30.9,82,17,7.78
47,Kodiak,US,2021-05-23 20:18:33,57.79,-152.4072,49.51,71,1,6.91
48,Bredasdorp,ZA,2021-05-23 20:18:33,-34.5322,20.0403,56.52,51,96,5.68
49,Ust-Maya,RU,2021-05-23 20:18:34,60.4167,134.5333,42.67,69,100,7.81
50,Puro,PH,2021-05-23 20:18:34,12.4841,123.3827,81.21,81,0,5.57
51,Pokosnoye,RU,2021-05-23 20:18:34,55.5258,101.0536,41.16,89,90,4.14
52,Port Alfred,ZA,2021-05-23 20:17:01,-33.5906,26.891,64.94,44,67,10.36
53,Luderitz,NA,2021-05-23 20:18:35,-26.6481,15.1594,72.48,36,0,4.72
54,Kupang,ID,2021-05-23 20:18:35,-10.1667,123.5833,74.48,84,7,7.72
55,Miraflores,MX,2021-05-23 20:18:36,19.2167,-98.8083,75.96,37,83,2.17
56,Kushmurun,KZ,2021-05-23 20:18:36,52.4503,64.6311,73.35,30,6,8.1
57,Hobart,AU,2021-05-23 20:18:36,-42.8794,147.3294,49.12,89,0,5.99
58,Jieshi,CN,2021-05-23 20:18:37,22.8134,115.8257,81.7,86,57,4.23
59,Byron Bay,AU,2021-05-23 20:18:37,-28.65,153.6167,61.88,80,98,12.06
60,Katsuura,JP,2021-05-23 20:18:37,35.1333,140.3,66.31,88,81,2.66
61,Tuktoyaktuk,CA,2021-05-23 20:18:38,69.4541,-133.0374,33.8,86,75,10.36
62,Saint-Philippe,RE,2021-05-23 20:18:38,-21.3585,55.7679,72.95,82,92,12.46
63,Amuntai,ID,2021-05-23 20:18:38,-2.4177,115.2494,74.37,98,100,0.51
64,Wanaka,NZ,2021-05-23 20:18:39,-44.7,169.15,40.17,83,50,4.9
65,Colares,PT,2021-05-23 20:18:39,38.7992,-9.4469,60.48,67,20,13.0
66,Tshela,CD,2021-05-23 20:18:39,-4.9833,12.9333,73.65,91,97,2.15
67,Rikitea,PF,2021-05-23 20:18:40,-23.1203,-134.9692,74.32,68,35,3.89
68,Padang,ID,2021-05-23 20:18:40,-0.9492,100.3543,78.26,85,74,2.53
69,Moron,AR,2021-05-23 20:16:35,-34.6534,-58.6198,59.02,68,100,5.99
70,Provideniya,RU,2021-05-23 20:18:40,64.3833,-173.3,33.91,75,75,15.66
71,Burnie,AU,2021-05-23 20:18:41,-41.0667,145.9167,49.95,86,96,9.8
72,Norman Wells,CA,2021-05-23 20:18:41,65.282,-126.8329,50.04,93,90,10.36
73,Carmen,MX,2021-05-23 20:14:51,18.6333,-91.8333,87.84,66,75,3.44
74,San Cristobal,VE,2021-05-23 20:18:41,7.7669,-72.225,82.58,60,98,5.19
75,Roebourne,AU,2021-05-23 20:18:42,-20.7833,117.1333,72.5,58,80,9.53
76,Butaritari,KI,2021-05-23 20:15:15,3.0707,172.7902,82.8,77,45,16.73
77,Manzhouli,CN,2021-05-23 20:18:42,49.6,117.4333,35.78,66,41,20.33
78,Atuona,PF,2021-05-23 20:15:14,-9.8,-139.0333,79.61,80,24,19.44
79,Juneau,US,2021-05-23 20:18:43,58.3019,-134.4197,47.84,94,90,1.28
80,Haines Junction,CA,2021-05-23 20:18:43,60.7522,-137.5108,44.55,76,100,6.91
81,Humboldt,US,2021-05-23 20:18:43,40.6665,-123.9178,66.67,41,4,8.93
82,Clyde River,CA,2021-05-23 20:18:44,70.4692,-68.5914,21.43,86,90,13.8
83,Ponta Do Sol,PT,2021-05-23 20:18:44,32.6667,-17.1,65.03,68,91,9.24
84,Taoudenni,ML,2021-05-23 20:18:44,22.6783,-3.9836,103.57,12,0,4.18
85,Saskylakh,RU,2021-05-23 20:18:45,71.9167,114.0833,36.91,89,100,15.23
86,Mandalgovi,MN,2021-05-23 20:18:45,45.7625,106.2708,35.29,52,14,12.15
87,Kondoa,TZ,2021-05-23 20:18:45,-4.9,35.7833,56.57,90,0,2.46
88,Lazo,RU,2021-05-23 20:18:46,43.3817,133.9014,51.8,97,100,3.42
89,Praia Da Vitoria,PT,2021-05-23 20:18:46,38.7333,-27.0667,65.75,59,20,6.93
90,Seymchan,RU,2021-05-23 20:18:46,62.8833,152.4333,46.9,58,16,2.35
91,Sao Miguel Do Araguaia,BR,2021-05-23 20:18:46,-13.275,-50.1628,89.37,42,75,1.66
92,Husavik,IS,2021-05-23 20:18:47,66.0449,-17.3389,40.91,98,100,9.24
93,Jutai,BR,2021-05-23 20:18:47,-5.1833,-68.9,88.3,59,17,3.8
94,Vagamo,NO,2021-05-23 20:18:47,61.8751,9.0967,46.27,92,99,4.32
95,Arraial Do Cabo,BR,2021-05-23 20:18:48,-22.9661,-42.0278,78.76,73,0,2.3
96,Aykhal,RU,2021-05-23 20:18:48,66.0,111.5,35.08,70,36,7.94
97,Ocampo,MX,2021-05-23 20:18:48,21.65,-101.5,80.28,23,4,3.2
98,Euclides Da Cunha,BR,2021-05-23 20:18:49,-10.5075,-39.0158,78.42,50,10,5.73
99,Vostok,RU,2021-05-23 20:18:49,46.4856,135.8833,50.59,71,99,4.29
100,Hofn,IS,2021-05-23 20:18:50,64.2539,-15.2082,43.03,77,87,15.77
101,Kailua,US,2021-05-23 20:18:50,21.4022,-157.7394,82.08,78,90,10.36
102,Tolaga Bay,NZ,2021-05-23 20:18:50,-38.3667,178.3,55.96,91,100,23.87
103,Zhezkazgan,KZ,2021-05-23 20:18:50,47.8043,67.7144,69.96,32,1,14.36
104,Karla,EE,2021-05-23 20:18:51,59.3723,24.9275,49.96,81,0,12.66
105,Mandali,IQ,2021-05-23 20:18:51,33.7499,45.5541,81.01,21,0,7.45
106,Reading,GB,2021-05-23 20:14:21,51.4562,-0.9711,51.89,87,100,5.01
107,Hilo,US,2021-05-23 20:16:18,19.7297,-155.09,81.81,76,20,9.22
108,Esperance,AU,2021-05-23 20:18:52,-33.8667,121.9,54.16,69,99,24.85
109,Cooma,AU,2021-05-23 20:18:52,-36.2333,149.1333,33.57,97,90,3.47
110,Castro,BR,2021-05-23 20:18:53,-24.7911,-50.0119,60.1,54,4,10.11
111,New Norfolk,AU,2021-05-23 20:18:53,-42.7826,147.0587,48.76,83,100,3.18
112,Hithadhoo,MV,2021-05-23 20:18:53,-0.6,73.0833,83.75,73,100,10.36
113,Laguna,US,2021-05-23 20:16:38,38.421,-121.4238,78.46,40,1,4.0
114,Avarua,CK,2021-05-23 20:15:15,-21.2078,-159.775,82.45,78,40,13.8
115,Carnarvon,AU,2021-05-23 20:18:54,-24.8667,113.6333,57.27,100,55,4.61
116,Altagracia De Orituco,VE,2021-05-23 20:18:54,9.8601,-66.3814,85.14,60,96,5.95
117,Uren,RU,2021-05-23 20:18:55,57.4552,45.7852,56.1,91,100,3.15
118,Narsaq,GL,2021-05-23 20:17:06,60.9167,-46.05,43.02,63,100,4.43
119,East London,ZA,2021-05-23 20:18:55,-33.0153,27.9116,63.25,49,96,7.43
120,Hasaki,JP,2021-05-23 20:18:55,35.7333,140.8333,55.8,86,82,4.29
121,Lompoc,US,2021-05-23 20:18:56,34.6391,-120.4579,74.7,64,1,14.97
122,Touros,BR,2021-05-23 20:18:56,-5.1989,-35.4608,81.5,78,4,15.17
123,Sitka,US,2021-05-23 20:18:56,57.0531,-135.33,48.09,76,75,5.75
124,Ancud,CL,2021-05-23 20:18:57,-41.8697,-73.8203,58.23,96,100,16.06
125,Santa Rosa,PH,2021-05-23 20:18:57,14.3122,121.1114,82.9,87,1,4.12
126,Northam,GB,2021-05-23 20:18:57,51.0333,-4.2167,49.66,89,86,15.41
127,Dongsheng,CN,2021-05-23 20:18:58,39.8161,109.9776,45.63,20,0,10.98
128,Sakakah,SA,2021-05-23 20:18:58,29.9697,40.2064,81.97,20,0,10.18
129,Dunedin,NZ,2021-05-23 20:14:32,-45.8742,170.5036,48.79,72,95,8.01
130,Hambantota,LK,2021-05-23 20:18:59,6.1241,81.1185,81.48,82,96,16.84
131,Hamilton,US,2021-05-23 20:18:59,39.1834,-84.5333,85.23,58,75,3.0
132,Chase,CA,2021-05-23 20:18:59,50.8165,-119.6857,82.38,25,70,3.56
133,Kyabe,TD,2021-05-23 20:19:00,9.4515,18.9449,87.28,44,88,5.79
134,Port Elizabeth,ZA,2021-05-23 20:19:00,-33.918,25.5701,50.29,76,40,3.44
135,Landskrona,SE,2021-05-23 20:19:00,55.8708,12.8302,50.95,71,8,12.59
136,Fayaoue,NC,2021-05-23 20:19:01,-20.65,166.5333,73.2,64,58,11.81
137,Tralee,IE,2021-05-23 20:19:01,52.2704,-9.7026,45.1,88,93,7.67
138,Puerto Ayora,EC,2021-05-23 20:19:02,-0.7393,-90.3518,82.36,82,51,8.99
139,Tomatlan,MX,2021-05-23 20:19:02,19.9333,-105.25,97.5,27,29,10.65
140,Geraldton,AU,2021-05-23 20:19:02,-28.7667,114.6,63.01,62,75,22.28
141,Yumen,CN,2021-05-23 20:19:03,40.2833,97.2,52.95,18,0,8.01
142,Srednekolymsk,RU,2021-05-23 20:19:03,67.45,153.6833,47.39,49,21,8.43
143,Batagay,RU,2021-05-23 20:19:03,67.6333,134.6333,42.37,43,81,4.27
144,San Policarpo,PH,2021-05-23 20:19:04,12.1791,125.5072,81.05,80,8,2.42
145,Anamur,TR,2021-05-23 20:15:06,36.0751,32.8369,68.02,50,4,8.99
146,Taybad,IR,2021-05-23 20:19:04,34.74,60.7756,75.99,15,32,5.5
147,Tuatapere,NZ,2021-05-23 20:19:05,-46.1333,167.6833,41.94,89,47,3.71
148,Genhe,CN,2021-05-23 20:15:17,50.7833,121.5167,34.07,97,100,5.44
149,Asau,RO,2021-05-23 20:19:05,46.4333,26.4,61.95,78,80,4.14
150,Torbay,CA,2021-05-23 20:19:06,47.6666,-52.7314,53.67,89,90,27.63
151,Tiksi,RU,2021-05-23 20:19:06,71.6872,128.8694,28.24,79,59,8.81
152,San Quintin,MX,2021-05-23 20:19:06,30.4833,-115.95,67.5,51,0,16.13
153,Savonlinna,FI,2021-05-23 20:19:07,61.8699,28.88,50.05,100,90,10.36
154,Mitsamiouli,KM,2021-05-23 20:19:07,-11.3847,43.2844,78.71,65,17,11.68
155,Palmer,US,2021-05-23 20:19:07,42.1584,-72.3287,86.68,57,75,1.99
156,Taber,CA,2021-05-23 20:14:15,49.8167,-112.1518,42.84,93,100,2.08
157,Khatanga,RU,2021-05-23 20:19:08,71.9667,102.5,35.22,93,100,6.42
158,Kaitangata,NZ,2021-05-23 20:19:08,-46.2817,169.8464,46.92,83,59,4.25
159,Cidreira,BR,2021-05-23 20:19:09,-30.1811,-50.2056,58.77,68,36,26.31
160,Sanmenxia,CN,2021-05-23 20:19:09,34.7747,111.1814,59.72,38,47,3.06
161,College,US,2021-05-23 20:19:09,64.8569,-147.8028,51.1,54,75,6.91
162,Muroto,JP,2021-05-23 20:19:10,33.2833,134.15,69.53,70,99,6.73
163,Oktyabrskoye,RU,2021-05-23 20:19:10,43.0645,44.7417,64.35,90,98,4.05
164,Winnemucca,US,2021-05-23 20:19:10,40.973,-117.7357,53.65,45,75,18.16
165,Iqaluit,CA,2021-05-23 20:16:38,63.7506,-68.5145,20.93,67,75,23.0
166,Mae Chan,TH,2021-05-23 20:19:11,20.1467,99.8526,80.78,74,100,1.3
167,Portland,US,2021-05-23 20:15:13,45.5234,-122.6762,60.28,80,90,1.01
168,Bonavista,CA,2021-05-23 20:19:11,48.6499,-53.1147,50.11,97,100,6.78
169,Cartagena,CO,2021-05-23 20:19:11,10.3997,-75.5144,87.42,74,40,11.5
170,Daru,PG,2021-05-23 20:19:12,-9.0763,143.2092,77.7,79,77,13.65
171,Bambous Virieux,MU,2021-05-23 20:19:12,-20.3428,57.7575,70.21,80,51,12.21
172,Lebu,CL,2021-05-23 20:19:12,-37.6167,-73.65,54.41,74,100,3.67
173,Comarapa,BO,2021-05-23 20:19:13,-17.9,-64.4833,53.19,90,100,3.27
174,Dicabisagan,PH,2021-05-23 20:19:13,17.0818,122.4157,79.34,87,3,4.56
175,Rundu,NA,2021-05-23 20:19:13,-17.9333,19.7667,58.71,42,0,6.04
176,Deputatskiy,RU,2021-05-23 20:19:14,69.3,139.9,26.35,83,12,3.65
177,Vila Velha,BR,2021-05-23 20:18:19,-20.3297,-40.2925,84.96,74,0,14.0
178,Te Anau,NZ,2021-05-23 20:19:14,-45.4167,167.7167,39.67,94,22,4.16
179,Cahokia,US,2021-05-23 20:19:15,38.5709,-90.1901,90.81,41,1,6.91
180,Montepuez,MZ,2021-05-23 20:19:15,-13.1256,38.9997,62.46,93,71,5.28
181,Namibe,AO,2021-05-23 20:19:15,-15.1961,12.1522,73.2,83,70,6.51
182,Barrow,US,2021-05-23 20:19:16,71.2906,-156.7887,32.02,86,90,17.27
183,Mehamn,NO,2021-05-23 20:19:16,71.0357,27.8492,36.52,58,43,2.1
184,Chokurdakh,RU,2021-05-23 20:19:16,70.6333,147.9167,26.31,97,100,4.81
185,Olinda,BR,2021-05-23 20:19:17,-8.0089,-34.8553,78.53,75,75,10.13
186,Mar Del Plata,AR,2021-05-23 20:19:17,-38.0023,-57.5575,57.09,54,75,10.0
187,Puerto Madryn,AR,2021-05-23 20:19:18,-42.7692,-65.0385,58.32,53,98,9.51
188,Tamale,GH,2021-05-23 20:19:18,9.4008,-0.8393,84.51,55,69,5.55
189,Sungairaya,ID,2021-05-23 20:19:18,0.7,108.9,77.74,88,100,2.86
190,Ribeira Grande,PT,2021-05-23 20:19:19,38.5167,-28.7,64.8,59,20,10.36
191,Kushiro,JP,2021-05-23 20:19:19,42.975,144.3747,48.67,96,100,2.59
192,Marrakesh,MA,2021-05-23 20:15:08,31.6315,-8.0083,69.87,35,20,14.97
193,Cherskiy,RU,2021-05-23 20:19:20,68.75,161.3,40.93,57,11,5.55
194,Alice Springs,AU,2021-05-23 20:19:20,-23.7,133.8833,45.95,39,0,8.32
195,Port Hardy,CA,2021-05-23 20:15:29,50.6996,-127.4199,55.58,76,75,9.22
196,Carinhanha,BR,2021-05-23 20:19:21,-14.3047,-43.765,90.43,26,84,0.89
197,Grand Gaube,MU,2021-05-23 20:19:21,-20.0064,57.6608,70.38,80,14,4.0
198,Hay River,CA,2021-05-23 20:15:13,60.8156,-115.7999,62.58,36,40,8.05
199,Sinnamary,GF,2021-05-23 20:19:21,5.3833,-52.95,77.22,94,100,12.12
200,Makat,KZ,2021-05-23 20:19:22,47.6469,53.3463,80.91,18,32,10.49
201,Kropotkin,RU,2021-05-23 20:19:22,45.4375,40.5756,65.71,94,84,5.3
202,Chuy,UY,2021-05-23 20:19:22,-33.6971,-53.4616,53.98,88,100,23.58
203,Porto San Giorgio,IT,2021-05-23 20:19:23,43.1827,13.7934,72.03,74,99,9.75
204,Talnakh,RU,2021-05-23 20:19:23,69.4865,88.3972,36.34,100,100,4.72
205,Banda Aceh,ID,2021-05-23 20:19:23,5.5577,95.3222,81.23,80,100,10.6
206,Tigil,RU,2021-05-23 20:19:24,57.8,158.6667,37.04,76,87,7.34
207,Seoul,KR,2021-05-23 20:16:42,37.5683,126.9778,60.31,73,75,2.91
208,Valentin Gomez Farias,MX,2021-05-23 20:19:24,28.2167,-106.5833,86.63,10,0,11.86
209,Nuuk,GL,2021-05-23 20:19:25,64.1835,-51.7216,34.41,86,75,25.32
210,Yaring,TH,2021-05-23 20:19:25,6.8662,101.3689,78.67,86,96,4.68
211,Soltsy,RU,2021-05-23 20:19:25,58.1239,30.3238,47.1,94,100,13.38
212,Arlit,NE,2021-05-23 20:19:26,18.7369,7.3853,94.62,7,2,6.33
213,Telica,NI,2021-05-23 20:19:26,12.522,-86.8594,94.35,33,100,7.07
214,Sorland,NO,2021-05-23 20:19:26,67.667,12.6934,44.67,68,100,13.91
215,Necochea,AR,2021-05-23 20:19:27,-38.5473,-58.7368,55.27,70,100,18.95
216,Verkhnedneprovskiy,RU,2021-05-23 20:19:27,54.9813,33.3457,46.87,96,14,7.11
217,Baie-Comeau,CA,2021-05-23 20:19:27,49.2168,-68.1489,58.68,37,40,7.11
218,Mount Isa,AU,2021-05-23 20:19:28,-20.7333,139.5,53.37,66,2,0.0
219,Namatanai,PG,2021-05-23 20:19:28,-3.6667,152.4333,77.13,91,100,1.14
220,Costa Rica,BR,2021-05-23 20:18:47,-23.4167,-54.65,68.14,29,0,9.13
221,Tasiilaq,GL,2021-05-23 20:18:36,65.6145,-37.6368,32.16,96,100,10.09
222,Caucaia,BR,2021-05-23 20:19:29,-3.7361,-38.6531,84.15,79,20,7.87
223,Belyy Yar,RU,2021-05-23 20:19:29,53.6039,91.3903,58.89,83,0,10.13
224,Inhambane,MZ,2021-05-23 20:19:30,-23.865,35.3833,66.69,68,0,9.17
225,Severo-Kurilsk,RU,2021-05-23 20:19:30,50.6789,156.125,45.23,63,41,3.22
226,Aklavik,CA,2021-05-23 20:19:30,68.2191,-135.0107,36.32,69,78,22.68
227,Bawku,GH,2021-05-23 20:19:31,11.0616,-0.2417,90.25,40,95,5.3
228,Kahului,US,2021-05-23 20:14:56,20.8947,-156.47,83.97,78,40,18.41
229,Sao Joao Da Barra,BR,2021-05-23 20:18:11,-21.6403,-41.0511,78.89,77,100,9.66
230,Guerrero Negro,MX,2021-05-23 20:18:55,27.9769,-114.0611,69.49,47,0,17.58
231,Dikson,RU,2021-05-23 20:19:32,73.5069,80.5464,29.16,94,100,18.37
232,Airai,TL,2021-05-23 20:19:32,-8.9266,125.4092,55.63,77,41,2.08
233,Ust-Tsilma,RU,2021-05-23 20:19:32,65.441,52.1498,35.06,66,10,4.14
234,Constitucion,CL,2021-05-23 20:19:33,-35.3333,-72.4167,60.1,62,27,13.44
235,Poum,NC,2021-05-23 20:19:33,-20.2333,164.0167,73.2,66,53,17.85
236,Kieta,PG,2021-05-23 20:19:33,-6.2167,155.6333,79.11,83,100,6.87
237,Camaqua,BR,2021-05-23 20:19:34,-30.8511,-51.8122,55.42,76,100,16.67
238,Sao Filipe,CV,2021-05-23 20:19:34,14.8961,-24.4956,73.94,76,0,11.54
239,Navolato,MX,2021-05-23 20:19:34,24.7672,-107.6944,98.64,16,0,13.78
240,Kaabong,UG,2021-05-23 20:19:35,3.4836,34.1492,64.85,84,9,1.19
241,Klaksvik,FO,2021-05-23 20:19:35,62.2266,-6.589,45.52,75,90,6.62
242,Acapulco,MX,2021-05-23 20:19:35,16.8634,-99.8901,91.22,49,1,10.54
243,Atocha,BO,2021-05-23 20:19:36,-20.9333,-66.2333,48.92,11,100,22.93
244,Pacifica,US,2021-05-23 20:19:31,37.6138,-122.4869,71.62,75,40,1.01
245,Yellowknife,CA,2021-05-23 20:19:03,62.456,-114.3525,63.32,45,20,5.99
246,Adrar,MR,2021-05-23 20:19:36,20.5022,-10.0711,97.93,13,8,8.16
247,Nerja,ES,2021-05-23 20:19:37,36.7585,-3.8873,64.22,67,6,8.01
248,Kortkeros,RU,2021-05-23 20:19:37,61.8106,51.5806,48.2,53,88,1.86
249,Rocha,UY,2021-05-23 20:19:37,-34.4833,-54.3333,54.93,93,100,24.9
250,Verin,ES,2021-05-23 20:19:38,41.9415,-7.4381,53.28,71,19,5.73
251,Kutum,SD,2021-05-23 20:19:38,14.2,24.6667,79.38,15,5,13.24
252,Pandan,PH,2021-05-23 20:19:38,14.0453,124.1694,80.67,83,16,6.44
253,Port Hawkesbury,CA,2021-05-23 20:19:39,45.6169,-61.3485,58.87,95,90,5.99
254,Burns Lake,CA,2021-05-23 20:15:13,54.2331,-125.7533,58.42,29,0,4.68
255,Cururupu,BR,2021-05-23 20:17:40,-1.8283,-44.8683,82.49,74,97,5.37
256,Longyearbyen,SJ,2021-05-23 20:15:22,78.2186,15.6401,20.48,81,42,1.48
257,Capitan Bado,PY,2021-05-23 20:19:40,-23.2667,-55.5333,66.76,25,0,10.67
258,Auki,SB,2021-05-23 20:19:40,-8.7676,160.7034,76.44,90,100,10.07
259,Doka,SD,2021-05-23 20:19:40,13.5167,35.7667,92.44,10,3,6.87
260,Ketchikan,US,2021-05-23 20:19:40,55.3422,-131.6461,52.27,82,90,9.22
261,Labuhan,ID,2021-05-23 20:19:41,-6.8844,112.2051,77.95,87,49,4.92
262,Kyshtovka,RU,2021-05-23 20:19:41,56.555,76.6271,59.4,92,99,7.96
263,Athens,GR,2021-05-23 20:17:01,37.9795,23.7162,73.38,58,0,1.97
264,Xiuyan,CN,2021-05-23 20:19:01,40.2928,123.2744,47.57,76,0,1.81
265,Takoradi,GH,2021-05-23 20:19:42,4.8845,-1.7554,80.69,84,9,9.28
266,Udachnyy,RU,2021-05-23 20:19:42,66.4167,112.4,37.74,66,51,8.95
267,Kaupanger,NO,2021-05-23 20:19:42,61.1845,7.2404,55.89,62,40,1.14
268,Stantsionno-Oyashinskiy,RU,2021-05-23 20:19:43,55.4664,83.8245,65.62,96,100,11.14
269,Neryungri,RU,2021-05-23 20:19:43,56.6709,124.6491,31.77,99,100,3.02
270,Prince George,CA,2021-05-23 20:17:38,53.9166,-122.753,68.29,32,1,1.99
271,Ornskoldsvik,SE,2021-05-23 20:19:44,63.2909,18.7153,42.62,81,90,1.79
272,Mount Pleasant,US,2021-05-23 20:15:13,32.7941,-79.8626,94.17,56,1,3.0
273,Weligama,LK,2021-05-23 20:19:44,5.9667,80.4167,80.78,86,100,13.71
274,Keuruu,FI,2021-05-23 20:19:44,62.2667,24.7,51.94,84,100,9.01
275,Brainerd,US,2021-05-23 20:17:00,46.358,-94.2008,53.38,81,90,10.36
276,Okmulgee,US,2021-05-23 20:19:45,35.6234,-95.9605,76.01,100,90,10.02
277,Sao Sebastiao,BR,2021-05-23 20:19:45,-23.76,-45.4097,74.95,85,100,2.57
278,Coquimbo,CL,2021-05-23 20:17:50,-29.9533,-71.3436,64.13,53,0,7.14
279,Bose,IT,2021-05-23 20:19:45,45.4612,8.0137,62.47,71,100,5.77
280,Stykkisholmur,IS,2021-05-23 20:19:46,65.0757,-22.7297,41.02,76,79,12.08
281,Kavieng,PG,2021-05-23 20:19:46,-2.5744,150.7967,81.18,83,100,12.86
282,Diu,IN,2021-05-23 20:19:47,20.7141,70.9822,83.57,77,0,12.19
283,Ust-Kuyga,RU,2021-05-23 20:19:47,70.0167,135.6,32.29,70,8,2.62
284,Cayenne,GF,2021-05-23 20:15:14,4.9333,-52.3333,77.09,90,75,3.0
285,Acarigua,VE,2021-05-23 20:19:47,9.5545,-69.1956,92.91,69,100,1.79
286,Kavaratti,IN,2021-05-23 20:19:48,10.5669,72.642,83.32,74,97,7.0
287,Hojo,JP,2021-05-23 20:17:09,33.9766,132.7777,67.51,78,100,1.99
288,Isangel,VU,2021-05-23 20:19:48,-19.55,169.2667,71.53,66,71,8.12
289,Bengkulu,ID,2021-05-23 20:19:49,-3.8004,102.2655,75.72,91,100,4.03
290,Thompson,CA,2021-05-23 20:19:49,55.7435,-97.8558,60.96,36,1,11.5
291,Chapais,CA,2021-05-23 20:17:44,49.7834,-74.8492,46.18,29,0,13.69
292,Ahipara,NZ,2021-05-23 20:19:49,-35.1667,173.1667,58.19,70,94,17.09
293,Dandong,CN,2021-05-23 20:19:50,40.1292,124.3947,50.05,92,12,2.33
294,Tulun,RU,2021-05-23 20:19:50,54.5611,100.5792,42.66,86,97,5.28
295,Nouadhibou,MR,2021-05-23 20:19:50,20.931,-17.0347,66.18,82,0,19.57
296,Nichinan,JP,2021-05-23 20:19:51,31.6,131.3667,67.64,83,100,5.46
297,Beringovskiy,RU,2021-05-23 20:19:51,63.05,179.3167,31.68,98,100,9.78
298,Yulara,AU,2021-05-23 20:19:52,-25.2406,130.9889,62.44,39,6,8.05
299,Devils Lake,US,2021-05-23 20:17:46,48.1128,-98.8651,57.94,87,90,13.0
300,Yeppoon,AU,2021-05-23 20:19:52,-23.1333,150.7333,58.78,89,40,13.09
301,High Level,CA,2021-05-23 20:19:52,58.5169,-117.136,71.71,31,75,1.41
302,Jasper,US,2021-05-23 20:17:59,37.2001,-94.3502,82.45,90,40,7.02
303,Boguchany,RU,2021-05-23 20:19:53,58.3814,97.4531,47.17,93,100,5.32
304,Kargil,IN,2021-05-23 20:19:53,34.5667,76.1,37.36,68,100,5.73
305,Kysyl-Syr,RU,2021-05-23 20:19:53,63.8986,122.7617,37.42,52,4,2.98
306,Port Blair,IN,2021-05-23 20:19:54,11.6667,92.75,82.02,83,100,26.33
307,Banswara,IN,2021-05-23 20:19:54,23.55,74.45,87.69,41,0,8.28
308,Nanortalik,GL,2021-05-23 20:19:55,60.1432,-45.2371,36.91,69,100,9.17
309,Tirumullaivasal,IN,2021-05-23 20:19:55,11.2333,79.8333,82.56,74,100,11.34
310,Santiago Del Estero,AR,2021-05-23 20:19:56,-27.7951,-64.2615,69.46,19,6,4.7
311,Moose Factory,CA,2021-05-23 20:19:56,51.2585,-80.6094,39.2,65,20,5.75
312,Ratoath,IE,2021-05-23 20:19:56,53.5081,-6.4625,45.95,90,75,6.04
313,Ilulissat,GL,2021-05-23 20:19:57,69.2167,-51.1,42.82,31,79,10.36
314,Coihaique,CL,2021-05-23 20:19:57,-45.5752,-72.0662,50.61,93,75,5.75
315,Alakurtti,RU,2021-05-23 20:19:57,66.9672,30.3491,32.54,80,82,6.69
316,Cabo San Lucas,MX,2021-05-23 20:17:11,22.8909,-109.9124,91.81,54,1,4.61
317,Ozernovskiy,RU,2021-05-23 20:19:58,51.5,156.5167,44.56,59,89,3.11
318,Kerema,PG,2021-05-23 20:19:58,-7.9631,145.7785,77.09,87,97,1.43
319,Balkhash,KZ,2021-05-23 20:19:58,46.844,74.9804,70.21,46,0,20.6
320,Jardim,BR,2021-05-23 20:19:59,-21.4803,-56.1381,74.61,24,56,7.16
321,Amazar,RU,2021-05-23 20:19:59,53.858,120.875,32.77,99,100,3.78
322,Salta,AR,2021-05-23 20:19:59,-24.7859,-65.4117,61.09,52,0,3.0
323,Monte Gordo,PT,2021-05-23 20:20:00,37.1819,-7.4523,68.14,37,0,21.14
324,Kirksville,US,2021-05-23 20:17:15,40.1948,-92.5833,79.05,67,75,9.24
325,Nyurba,RU,2021-05-23 20:20:01,63.2842,118.3319,38.5,64,0,3.76
326,Morant Bay,JM,2021-05-23 20:20:01,17.8815,-76.4093,87.42,65,88,13.09
327,Mindelo,CV,2021-05-23 20:20:01,16.8901,-24.9804,74.75,79,20,13.96
328,Obo,CF,2021-05-23 20:20:02,5.3998,26.4869,70.14,97,100,5.06
329,Zambezi,ZM,2021-05-23 20:20:03,-13.5432,23.1047,59.23,51,1,5.88
330,Lasa,IT,2021-05-23 20:20:03,46.6166,10.7002,56.28,91,100,2.42
331,Fortuna,US,2021-05-23 20:20:03,40.5982,-124.1573,75.47,61,1,3.0
332,Kruisfontein,ZA,2021-05-23 20:20:04,-34.0033,24.7314,61.07,30,13,7.9
333,Broken Hill,AU,2021-05-23 20:20:04,-31.95,141.4333,57.85,53,100,11.54
334,Camana,PE,2021-05-23 20:20:04,-16.6228,-72.7111,68.29,69,47,8.19
335,Sawai Madhopur,IN,2021-05-23 20:20:05,25.9833,76.3667,85.51,35,0,3.91
336,Dukat,RU,2021-05-23 20:20:05,62.55,155.55,32.23,85,69,2.89
337,Port Keats,AU,2021-05-23 20:20:05,-14.25,129.55,70.0,69,67,5.7
338,Kenitra,MA,2021-05-23 20:18:54,34.261,-6.5802,62.83,59,0,6.22
339,Najran,SA,2021-05-23 20:20:06,17.4924,44.1277,84.85,32,0,5.93
340,Bam,IR,2021-05-23 20:20:06,29.106,58.357,87.33,15,84,6.53
341,Vidim,RU,2021-05-23 20:20:06,56.4088,103.1106,35.6,79,65,2.73
342,Atasu,KZ,2021-05-23 20:20:07,48.6814,71.6433,64.18,39,1,9.98
343,Kulhudhuffushi,MV,2021-05-23 20:20:07,6.6221,73.07,83.5,77,100,17.69
344,Bira,RU,2021-05-23 20:18:40,49.0,132.4667,52.92,94,100,6.67
345,Balykshi,KZ,2021-05-23 20:20:08,47.0667,51.8667,73.4,23,0,8.95
346,Atar,MR,2021-05-23 20:20:08,20.5169,-13.0499,95.99,16,2,8.1
347,Saint-Joseph,RE,2021-05-23 20:20:08,-21.3667,55.6167,71.96,83,76,11.61
348,Ternate,ID,2021-05-23 20:20:09,0.8,127.4,81.01,77,100,2.48
349,Nonthaburi,TH,2021-05-23 20:20:09,13.75,100.5,89.89,58,98,8.97
350,Victoria,HK,2021-05-23 20:15:18,22.2855,114.1577,86.32,85,69,5.99
351,Shimoda,JP,2021-05-23 20:20:10,34.6667,138.95,67.1,79,63,4.34
352,Vao,NC,2021-05-23 20:20:10,-22.6667,167.4833,71.87,56,27,17.27
353,Asyut,EG,2021-05-23 20:20:10,27.181,31.1837,79.75,26,0,10.65
354,Mayo,US,2021-05-23 20:20:10,38.8876,-76.5119,93.42,43,20,11.99
355,Sangin,AF,2021-05-23 20:20:11,32.0728,64.8359,78.42,10,1,2.35
356,Borovskoy,KZ,2021-05-23 20:20:11,53.8,64.15,72.09,46,8,5.99
357,Belton,US,2021-05-23 20:20:11,38.812,-94.5319,80.19,72,40,4.0
358,Iki-Burul,RU,2021-05-23 20:20:12,45.8208,44.6472,71.4,74,100,12.68
359,Barreirinhas,BR,2021-05-23 20:20:12,-2.7469,-42.8264,83.37,73,39,5.88
360,Jacmel,HT,2021-05-23 20:20:12,18.2342,-72.5347,89.44,63,39,6.67
361,Zeya,RU,2021-05-23 20:20:13,53.75,127.2667,47.12,96,100,9.13
362,Billings,US,2021-05-23 20:19:55,45.7833,-108.5007,56.97,71,40,8.05
363,Galway,IE,2021-05-23 20:20:13,53.2719,-9.0489,46.35,76,84,5.12
364,Manaure,CO,2021-05-23 20:20:14,11.7751,-72.4445,88.86,56,100,17.34
365,Nantucket,US,2021-05-23 20:16:01,41.2835,-70.0995,82.74,61,1,17.27
366,Sakaraha,MG,2021-05-23 20:20:14,-22.9,44.5333,59.59,87,0,3.96
367,Lagoa,PT,2021-05-23 20:20:15,39.05,-27.9833,60.78,65,4,8.79
368,Sola,VU,2021-05-23 20:20:15,-13.8833,167.55,78.76,79,100,18.92
369,Yerbogachen,RU,2021-05-23 20:20:16,61.2767,108.0108,37.67,64,43,3.15
370,Baraki Barak,AF,2021-05-23 20:20:16,33.9675,68.9486,58.5,55,0,3.47
371,Macae,BR,2021-05-23 20:20:16,-22.3708,-41.7869,82.15,61,0,4.61
372,Choya,RU,2021-05-23 20:20:17,52.0108,86.5467,52.92,90,10,5.44
373,Homer,US,2021-05-23 20:20:17,59.6425,-151.5483,60.08,75,1,9.22
374,Peterhead,GB,2021-05-23 20:20:18,57.5058,-1.7981,48.6,87,99,22.37
375,Neyshabur,IR,2021-05-23 20:20:18,36.2133,58.7958,74.16,18,8,6.51
376,Tessalit,ML,2021-05-23 20:20:18,20.1986,1.0114,92.71,23,98,14.16
377,Bilibino,RU,2021-05-23 20:20:19,68.0546,166.4372,29.91,83,11,2.21
378,Taurage,LT,2021-05-23 20:20:19,55.2522,22.2897,44.08,94,15,5.95
379,Bastia,FR,2021-05-23 20:20:19,42.6667,9.3333,62.4,82,75,2.68
380,Marawi,PH,2021-05-23 20:20:20,7.9986,124.2928,67.64,94,83,1.32
381,Aswan,EG,2021-05-23 20:20:20,24.0934,32.907,82.0,17,0,12.44
382,Sechura,PE,2021-05-23 20:20:20,-5.5569,-80.8222,74.89,65,90,10.94
383,Mizdah,LY,2021-05-23 20:20:21,31.4451,12.9801,75.27,35,56,19.66
384,Kazuno,JP,2021-05-23 20:17:10,40.1836,140.7872,56.41,99,100,5.57
385,Panukulan,PH,2021-05-23 20:20:21,14.9333,121.8144,81.52,77,4,4.45
386,Ndele,CF,2021-05-23 20:20:21,8.4109,20.6473,78.49,60,100,4.99
387,Bulgan,MN,2021-05-23 20:20:22,48.8125,103.5347,33.03,70,49,4.74
388,Parkland,US,2021-05-23 20:20:22,47.1554,-122.434,60.82,78,90,10.36
389,San Pedro,PH,2021-05-23 20:20:22,14.35,121.0167,82.15,85,20,3.71
390,Nalut,LY,2021-05-23 20:20:23,30.3333,10.85,92.95,12,100,8.57
391,Kaeo,NZ,2021-05-23 20:20:23,-35.1,173.7833,58.32,72,100,13.8
392,Bilma,NE,2021-05-23 20:20:23,18.6853,12.9164,90.95,9,0,3.74
393,Abha,SA,2021-05-23 20:20:24,18.2164,42.5053,67.82,42,0,3.85
394,Aloleng,PH,2021-05-23 20:20:24,16.1307,119.7824,82.26,76,9,5.44
395,Mezen,RU,2021-05-23 20:20:24,65.8522,44.24,32.67,67,70,5.66
396,Matara,LK,2021-05-23 20:20:25,5.9485,80.5353,80.28,88,100,13.06
397,Sisimiut,GL,2021-05-23 20:20:25,66.9395,-53.6735,36.39,57,97,5.66
398,Alofi,NU,2021-05-23 20:20:16,-19.0595,-169.9187,80.49,94,40,5.75
399,Matadi,CD,2021-05-23 20:20:26,-5.8167,13.45,76.68,84,38,2.55
400,Leh,IN,2021-05-23 20:20:26,34.1667,77.5833,41.11,92,100,5.12
401,Nome,US,2021-05-23 20:20:26,64.5011,-165.4064,40.15,80,90,8.05
402,Mafra,BR,2021-05-23 20:20:27,-26.1114,-49.8053,58.93,46,0,7.76
403,Fare,PF,2021-05-23 20:20:27,-16.7,-151.0167,80.87,75,66,14.88
404,Dauphin,CA,2021-05-23 20:20:27,51.1494,-100.0502,55.54,71,90,10.36
405,Tahe,CN,2021-05-23 20:20:28,52.3333,124.7333,37.27,98,80,1.05
406,Wewak,PG,2021-05-23 20:20:28,-3.5534,143.6268,78.19,88,99,4.56
407,Caravelas,BR,2021-05-23 20:20:28,-17.7125,-39.2481,76.78,81,91,9.69
408,Tooele,US,2021-05-23 20:19:29,40.5308,-112.2983,60.3,31,75,16.91
409,Solnechnyy,RU,2021-05-23 20:20:29,50.7214,136.6319,44.96,94,90,4.32
410,Leningradskiy,RU,2021-05-23 20:20:29,69.3833,178.4167,30.58,88,91,2.46
411,Makakilo City,US,2021-05-23 20:20:29,21.3469,-158.0858,81.61,65,1,12.66
412,Dingle,PH,2021-05-23 20:20:30,10.9995,122.6711,76.87,86,0,3.91
413,Aniva,RU,2021-05-23 20:20:30,46.7144,142.5294,41.11,87,11,4.94
414,Lavrentiya,RU,2021-05-23 20:20:30,65.5833,-171.0,32.41,93,100,4.27
415,Margate,GB,2021-05-23 20:20:31,51.3813,1.3862,53.91,72,100,8.01
416,Lorengau,PG,2021-05-23 20:20:31,-2.0226,147.2712,79.59,82,79,5.23
417,Slupsk,PL,2021-05-23 20:20:31,54.4641,17.0287,44.4,90,3,7.07
418,Bowen,AU,2021-05-23 20:20:32,-20.0167,148.2333,64.71,91,11,9.93
419,Halifax,CA,2021-05-23 20:15:58,44.6453,-63.5724,62.49,90,100,5.01
420,Oxford,GB,2021-05-23 20:20:32,51.7522,-1.256,51.06,94,75,1.01
421,La Ronge,CA,2021-05-23 20:20:33,55.1001,-105.2842,59.25,51,90,11.5
422,Cockburn Town,TC,2021-05-23 20:20:33,21.4612,-71.1419,82.36,65,40,17.27
423,Yakeshi,CN,2021-05-23 20:20:33,49.2833,120.7333,34.2,86,100,16.55
424,Brae,GB,2021-05-23 20:20:34,60.3964,-1.353,48.11,69,100,9.91
425,Myitkyina,MM,2021-05-23 20:20:34,25.3833,97.4,74.43,96,35,2.3
426,Cedar City,US,2021-05-23 20:20:34,37.6775,-113.0619,59.4,19,90,21.85
427,Tura,IN,2021-05-23 20:20:35,25.5198,90.2201,79.02,69,2,3.67
428,Tarbert,GB,2021-05-23 20:20:35,55.8628,-5.4162,49.32,93,100,3.0
429,Gubkinskiy,RU,2021-05-23 20:20:35,64.434,76.5026,53.31,69,76,14.29
430,Vancouver,CA,2021-05-23 20:16:45,49.2497,-123.1193,62.26,75,90,3.0
431,Bocana De Paiwas,NI,2021-05-23 20:20:36,12.7857,-85.1227,89.82,45,96,16.98
432,Kununurra,AU,2021-05-23 20:20:36,-15.7667,128.7333,66.18,94,8,0.0
433,Maarianhamina,AX,2021-05-23 20:19:09,60.0973,19.9348,40.86,87,0,4.61
434,Itoman,JP,2021-05-23 20:20:36,26.1247,127.6694,81.37,94,20,14.97
435,Idah,NG,2021-05-23 20:20:37,7.1065,6.7342,80.85,71,93,0.83
436,Dwarka,IN,2021-05-23 20:20:37,22.2394,68.9678,84.13,76,0,13.38
437,Herford,DE,2021-05-23 20:19:08,52.1333,8.6833,55.2,71,100,5.35
438,Port Lincoln,AU,2021-05-23 20:20:37,-34.7333,135.8667,66.7,44,100,21.14
439,Nakonde,ZM,2021-05-23 20:20:38,-9.3421,32.745,51.69,93,55,5.28
440,Rawson,AR,2021-05-23 20:19:34,-43.3002,-65.1023,57.47,54,74,10.51
441,Kamenka,RU,2021-05-23 20:20:38,51.3223,42.7678,59.85,96,56,7.23
442,Luanda,AO,2021-05-23 20:17:21,-8.8368,13.2343,78.8,89,0,6.91
443,Saldanha,ZA,2021-05-23 20:20:39,-33.0117,17.9442,60.85,48,31,8.84
444,Borovoy,RU,2021-05-23 20:20:39,55.4333,86.0833,63.68,91,0,14.32
445,Celestun,MX,2021-05-23 20:20:39,20.8667,-90.4,85.44,63,100,6.22
446,Urbana,US,2021-05-23 20:20:40,40.1106,-88.2073,88.11,44,20,1.01
447,Fairbanks,US,2021-05-23 20:20:40,64.8378,-147.7164,51.1,56,20,0.0
448,Shache,CN,2021-05-23 20:20:40,38.4167,77.2406,68.88,17,100,6.13
449,Isilkul,RU,2021-05-23 20:20:41,54.9109,71.2728,64.8,81,100,4.29
450,Severomuysk,RU,2021-05-23 20:20:41,56.1481,113.4267,20.77,87,93,7.18
451,Lewiston,US,2021-05-23 20:18:17,44.1003,-70.2148,73.44,56,90,17.27
452,Roma,US,2021-05-23 20:20:42,43.2128,-75.4557,64.89,77,100,6.22
453,Marsh Harbour,BS,2021-05-23 20:20:42,26.5412,-77.0636,74.43,58,99,13.24
454,Menongue,AO,2021-05-23 20:20:43,-14.6585,17.691,57.92,51,22,4.81
455,Hirado,JP,2021-05-23 20:20:43,33.3597,129.5531,68.36,90,100,4.36
456,Lata,PT,2021-05-23 20:20:43,40.1629,-8.3327,58.82,80,7,5.12
457,Naze,JP,2021-05-23 20:20:44,28.3667,129.4833,75.63,91,75,14.05
458,Kampot,KH,2021-05-23 20:20:44,10.6167,104.1833,84.25,82,100,11.99
459,Whitehorse,CA,2021-05-23 20:17:15,60.7161,-135.0538,53.02,48,75,5.01
460,Ukhta,RU,2021-05-23 20:20:44,63.5671,53.6835,44.91,70,78,7.61
461,Nishihara,JP,2021-05-23 20:20:45,26.1842,127.7558,80.65,93,75,11.63
462,Kamiiso,JP,2021-05-23 20:20:45,41.8167,140.65,55.67,95,94,4.68
463,Pisco,PE,2021-05-23 20:20:46,-13.7,-76.2167,69.85,64,0,11.5
464,Havelock,US,2021-05-23 20:20:46,34.8791,-76.9013,95.05,39,20,4.0
465,Maryville,US,2021-05-23 20:20:46,35.7565,-83.9705,89.46,38,40,1.01
466,Moree,AU,2021-05-23 20:20:47,-29.4667,149.85,50.02,76,0,8.05
467,Okhotsk,RU,2021-05-23 20:20:47,59.3833,143.3,32.5,90,100,2.93
468,Ostrovnoy,RU,2021-05-23 20:20:47,68.0531,39.5131,33.12,67,10,2.24
469,Salalah,OM,2021-05-23 20:20:48,17.0151,54.0924,84.29,79,20,3.44
470,Chicama,PE,2021-05-23 20:20:48,-7.8447,-79.1469,66.74,66,14,8.84
471,Ewa Beach,US,2021-05-23 20:20:48,21.3156,-158.0072,83.01,62,1,12.66
472,Vila,PT,2021-05-23 20:20:49,42.0304,-8.1588,47.34,88,84,5.64
473,Vangaindrano,MG,2021-05-23 20:20:49,-23.35,47.6,66.33,82,45,2.75
474,Plerin,FR,2021-05-23 20:20:49,48.5425,-2.7798,52.2,92,90,4.0
475,Krabi,TH,2021-05-23 20:20:50,8.0726,98.9105,83.91,87,20,0.0
476,Mwinilunga,ZM,2021-05-23 20:20:50,-11.7358,24.4293,56.05,62,4,4.45
477,Abalak,RU,2021-05-23 20:20:50,58.1286,68.5944,58.26,82,100,5.44
478,Arawa,PG,2021-05-23 20:20:51,-6.2132,155.5367,76.8,89,100,3.98
479,Veraval,IN,2021-05-23 20:20:51,20.9,70.3667,83.8,79,0,12.48
480,Ostersund,SE,2021-05-23 20:20:51,63.1792,14.6357,45.05,81,90,4.61
481,Jibuti,DJ,2021-05-23 20:20:52,11.5,42.5,80.02,41,57,8.79
482,Shingu,JP,2021-05-23 20:20:52,33.7333,135.9833,62.91,74,64,4.9
483,Vardo,NO,2021-05-23 20:20:52,70.3705,31.1107,36.03,62,21,5.93
484,Nelson Bay,AU,2021-05-23 20:20:53,-32.7167,152.15,60.01,95,99,2.62
485,Republic,US,2021-05-23 20:20:53,37.12,-93.4802,84.16,80,1,8.84
486,Aras,ES,2021-05-23 20:20:53,42.5617,-2.356,54.03,56,0,4.63
487,Pitimbu,BR,2021-05-23 20:20:54,-7.4706,-34.8086,81.19,80,93,12.77
488,Chiredzi,ZW,2021-05-23 20:20:54,-21.05,31.6667,59.59,58,3,5.28
489,Pangnirtung,CA,2021-05-23 20:20:54,66.1451,-65.7125,26.6,63,75,9.22
490,Grindavik,IS,2021-05-23 20:20:55,63.8424,-22.4338,48.67,70,75,11.86
491,Suntar,RU,2021-05-23 20:20:55,62.1444,117.6319,38.37,64,11,2.95
492,Sur,OM,2021-05-23 20:20:56,22.5667,59.5289,86.25,66,0,14.0
493,Izhma,RU,2021-05-23 20:20:56,65.0083,53.9113,38.25,66,57,7.99
494,Moyale,KE,2021-05-23 20:20:56,3.5167,39.0584,71.06,62,88,7.67
495,Sioux Lookout,CA,2021-05-23 20:20:57,50.1001,-91.917,57.27,54,90,9.22
496,Sazonovo,RU,2021-05-23 20:20:57,59.0919,35.2268,50.18,93,31,9.19
497,Copiapo,CL,2021-05-23 20:19:27,-27.3667,-70.3333,58.69,20,100,5.12
498,Aitape,PG,2021-05-23 20:20:57,-3.1374,142.3475,77.92,87,100,5.19
499,La Palma,US,2021-05-23 20:20:58,33.8464,-118.0467,84.33,49,1,5.99
500,Valparaiso,CL,2021-05-23 20:18:14,-33.0393,-71.6273,70.03,39,0,10.36
501,Puerto Del Rosario,ES,2021-05-23 20:20:58,28.5004,-13.8627,67.75,64,20,26.46
502,Quesnel,CA,2021-05-23 20:20:59,52.9999,-122.5029,68.5,37,1,6.91
503,Vallenar,CL,2021-05-23 20:20:59,-28.5708,-70.7581,78.64,11,100,5.93
504,Nemuro,JP,2021-05-23 20:18:02,43.3236,145.575,43.45,96,100,4.16
505,Vila Franca Do Campo,PT,2021-05-23 20:20:59,37.7167,-25.4333,61.21,65,63,4.88
506,Nhulunbuy,AU,2021-05-23 20:21:00,-12.2333,136.7667,75.81,83,40,5.75
507,Sinjar,IQ,2021-05-23 20:21:00,36.3209,41.8754,71.69,30,0,6.4
508,Hami,CN,2021-05-23 20:19:01,42.8,93.45,64.18,17,0,5.82
509,Nampula,MZ,2021-05-23 20:21:00,-15.1165,39.2666,66.15,88,40,8.05
510,Fort Nelson,CA,2021-05-23 20:21:01,58.8053,-122.7002,63.99,29,75,4.61
511,Egvekinot,RU,2021-05-23 20:21:01,66.3167,-179.1667,30.33,87,100,4.29
512,Gorontalo,ID,2021-05-23 20:21:02,0.5412,123.0595,74.75,94,64,2.37
513,Mvomero,TZ,2021-05-23 20:21:02,-6.25,38.6667,70.56,87,46,3.24
514,Sibolga,ID,2021-05-23 20:17:19,1.7427,98.7792,76.84,90,38,3.11
515,Maralal,KE,2021-05-23 20:17:09,1.0968,36.698,62.74,73,100,5.99
516,Juegang,CN,2021-05-23 20:21:03,32.3174,121.1855,61.66,88,100,6.98
517,San Angelo,US,2021-05-23 20:21:03,31.4638,-100.437,87.64,51,75,5.01
518,Tateyama,JP,2021-05-23 20:21:04,34.9833,139.8667,66.22,85,90,6.2
519,Cruzilia,BR,2021-05-23 20:21:04,-21.8386,-44.8083,66.52,82,100,5.55
520,Gigmoto,PH,2021-05-23 20:21:04,13.7796,124.39,80.71,83,14,5.59
521,Westport,US,2021-05-23 20:21:05,41.1415,-73.3579,90.18,48,20,4.0
522,Horki,BY,2021-05-23 20:21:05,54.2861,30.9842,47.55,95,45,8.86
523,Oum Hadjer,TD,2021-05-23 20:21:05,13.2954,19.6966,91.15,10,0,10.67
524,Jalu,LY,2021-05-23 20:21:06,29.0331,21.5482,79.72,16,0,9.19
525,Loei,TH,2021-05-23 20:21:06,17.4167,101.5,69.12,84,19,4.27
526,Azuaga,ES,2021-05-23 20:21:06,38.2667,-5.6833,60.96,31,62,10.22
527,Itacoatiara,BR,2021-05-23 20:21:07,-3.1431,-58.4442,88.03,61,98,3.8
528,Bozeman,US,2021-05-23 20:21:07,45.6796,-111.0386,49.42,91,90,1.01
529,Christchurch,NZ,2021-05-23 20:20:26,-43.5333,172.6333,50.0,94,90,5.99
530,Taltal,CL,2021-05-23 20:20:20,-25.4,-70.4833,65.35,61,40,1.74
531,Jackson,US,2021-05-23 20:20:10,42.4165,-122.8345,73.15,27,1,3.44
532,San Jose,US,2021-05-23 20:21:08,37.3394,-121.895,72.45,50,20,1.99
533,Galle,LK,2021-05-23 20:21:08,6.0367,80.217,82.15,83,100,15.82
534,Dawei,MM,2021-05-23 20:21:08,14.0833,98.2,76.98,94,100,2.21
535,Akhtubinsk,RU,2021-05-23 20:21:09,48.2795,46.1722,75.29,37,33,6.91
536,Alekseyevka,RU,2021-05-23 20:18:09,50.6309,38.6903,57.47,84,100,6.33
537,Niort,FR,2021-05-23 20:21:09,46.3333,-0.3333,54.18,74,0,9.22
538,Erzin,TR,2021-05-23 20:21:09,36.9559,36.2,74.12,46,13,14.72
539,Zalegoshch,RU,2021-05-23 20:21:10,52.9008,36.8869,50.72,90,3,7.56
540,Hervey Bay,AU,2021-05-23 20:21:10,-25.2986,152.8535,62.04,89,4,3.0
541,Awjilah,LY,2021-05-23 20:21:10,29.1081,21.2869,80.28,16,0,9.24
542,Ulaanbaatar,MN,2021-05-23 20:21:11,47.9077,106.8832,28.53,80,40,4.9
543,Erattupetta,IN,2021-05-23 20:21:11,9.7,76.7833,78.1,96,100,1.59
544,Amahai,ID,2021-05-23 20:21:11,-3.3333,128.9167,78.03,88,100,3.47
545,Svetlogorsk,BY,2021-05-23 20:21:12,52.6333,29.7333,50.47,91,91,5.41
546,Faanui,PF,2021-05-23 20:21:12,-16.4833,-151.75,81.34,76,68,16.42
547,Comodoro Rivadavia,AR,2021-05-23 20:21:12,-45.8667,-67.5,60.66,51,0,17.27
548,Karratha,AU,2021-05-23 20:21:13,-20.7377,116.8463,72.97,59,87,9.93
549,Alanya,TR,2021-05-23 20:21:13,36.5438,31.9998,68.13,58,0,2.86
550,Gaoua,BF,2021-05-23 20:21:13,10.2992,-3.2508,91.2,37,39,7.4
551,Tamandare,BR,2021-05-23 20:21:14,-8.7597,-35.1047,77.95,76,1,6.71
552,Suoyarvi,RU,2021-05-23 20:21:14,62.0833,32.35,50.23,95,100,9.69
553,Cairns,AU,2021-05-23 20:21:15,-16.9167,145.7667,71.55,91,90,10.36
554,Nioro,GM,2021-05-23 20:21:15,13.35,-15.75,85.69,31,46,13.18
555,Le Port,RE,2021-05-23 20:21:15,-20.9373,55.2919,73.36,70,35,1.92
556,Cintalapa,MX,2021-05-23 20:21:16,16.6951,-93.7272,84.97,54,57,10.13
557,Santa Cruz Do Capibaribe,BR,2021-05-23 20:21:16,-7.9575,-36.2047,79.09,51,9,10.67
558,Concarneau,FR,2021-05-23 20:21:16,47.875,-3.9225,54.05,89,100,13.58
559,La Crosse,US,2021-05-23 20:21:17,43.8014,-91.2396,78.58,79,75,3.0
560,Sokolo,ML,2021-05-23 20:21:17,14.7328,-6.1219,99.81,17,34,3.13
561,Natal,BR,2021-05-23 20:21:17,-5.795,-35.2094,82.62,78,40,11.7
562,Tautira,PF,2021-05-23 20:21:18,-17.7333,-149.15,84.22,75,58,8.63
563,Darhan,MN,2021-05-23 20:21:18,49.4867,105.9228,38.1,59,9,4.34
564,Yar-Sale,RU,2021-05-23 20:21:18,66.8333,70.8333,49.08,74,57,22.79
565,Casablanca,MA,2021-05-23 20:18:09,33.5928,-7.6192,64.33,48,0,13.0
566,La Primavera,CO,2021-05-23 20:21:19,5.4906,-70.4092,88.29,61,69,4.32
567,Cumana,VE,2021-05-23 20:21:19,10.4635,-64.1775,84.29,82,85,12.55
568,Yenagoa,NG,2021-05-23 20:21:20,4.9247,6.2642,78.42,86,93,4.92
569,Boa Vista,BR,2021-05-23 20:21:16,2.8197,-60.6733,91.38,52,75,10.36
570,Loa Janan,ID,2021-05-23 20:21:20,-0.583,117.095,74.71,92,96,1.41
571,Jizan,SA,2021-05-23 20:21:20,17.3333,42.6667,86.94,34,0,2.71
572,Kalmunai,LK,2021-05-23 20:21:21,7.4167,81.8167,80.1,82,97,6.51
573,Masasi,TZ,2021-05-23 20:21:21,-10.7167,38.8,67.14,73,89,3.09
574,Santa Maria Da Vitoria,BR,2021-05-23 20:21:21,-13.3947,-44.1886,89.64,27,98,2.04
575,Bara,NG,2021-05-23 20:21:22,10.3744,10.7288,86.5,48,99,11.5
